"Mon Jun 26 2017 22:55:43 GMT-0400 (EDT)",2490.07,,2436.12,
"Mon Jun 26 2017 23:05:38 GMT-0400 (EDT)",2482.37,,2430.68,
"Mon Jun 26 2017 23:15:34 GMT-0400 (EDT)",2470.94,,2421.53,
"Mon Jun 26 2017 23:25:38 GMT-0400 (EDT)",2474.4,,2425.55,
"Mon Jun 26 2017 23:35:42 GMT-0400 (EDT)",2482.75,,2430.13,
"Mon Jun 26 2017 23:45:36 GMT-0400 (EDT)",2484.65,,2435.34,
"Mon Jun 26 2017 23:55:42 GMT-0400 (EDT)",2476.77,,2424.4,
"Tue Jun 27 2017 00:05:48 GMT-0400 (EDT)",2475.09,,2425.54,
"Tue Jun 27 2017 00:15:42 GMT-0400 (EDT)",2463.82,,2414.95,
"Tue Jun 27 2017 00:25:52 GMT-0400 (EDT)",2458.45,,2409.83,
"Tue Jun 27 2017 00:35:43 GMT-0400 (EDT)",2437.03,,2389.2,
"Tue Jun 27 2017 00:45:36 GMT-0400 (EDT)",2434,,2384.98,
"Tue Jun 27 2017 00:55:50 GMT-0400 (EDT)",2453.37,,2395.91,
"Tue Jun 27 2017 01:05:41 GMT-0400 (EDT)",2462.57,,2411.7,
"Tue Jun 27 2017 01:15:28 GMT-0400 (EDT)",2453.31,,2403.07,
"Tue Jun 27 2017 01:25:45 GMT-0400 (EDT)",2458.92,,2409.56,
"Tue Jun 27 2017 01:35:33 GMT-0400 (EDT)",2469.64,,2417.95,
"Tue Jun 27 2017 01:45:33 GMT-0400 (EDT)",2474.87,,2419.84,
"Tue Jun 27 2017 01:55:35 GMT-0400 (EDT)",2474.4,,2425.39,
"Tue Jun 27 2017 02:05:45 GMT-0400 (EDT)",2474.88,,2422.59,
"Tue Jun 27 2017 02:15:32 GMT-0400 (EDT)",2472.67,,2423.61,
"Tue Jun 27 2017 02:25:37 GMT-0400 (EDT)",2470.52,,2421.59,
"Tue Jun 27 2017 02:35:38 GMT-0400 (EDT)",2460.19,,2410.71,
"Tue Jun 27 2017 02:45:43 GMT-0400 (EDT)",2439.63,,2391.66,
"Tue Jun 27 2017 02:55:34 GMT-0400 (EDT)",2434.05,,2382.45,
"Tue Jun 27 2017 03:05:22 GMT-0400 (EDT)",2424.07,,2376.06,
"Tue Jun 27 2017 03:15:31 GMT-0400 (EDT)",2409,,2356.88,
"Tue Jun 27 2017 03:25:40 GMT-0400 (EDT)",2415.26,,2361.83,
"Tue Jun 27 2017 03:35:46 GMT-0400 (EDT)",2411.21,,2361.28,
"Tue Jun 27 2017 03:45:58 GMT-0400 (EDT)",2388.7,,2344.85,
"Tue Jun 27 2017 03:56:05 GMT-0400 (EDT)",2380.26,,2331.56,
"Tue Jun 27 2017 04:05:54 GMT-0400 (EDT)",2416.54,,2359.63,
"Tue Jun 27 2017 04:15:46 GMT-0400 (EDT)",2418.86,,2365.17,
"Tue Jun 27 2017 04:25:45 GMT-0400 (EDT)",2387.38,,2336.96,
"Tue Jun 27 2017 04:35:56 GMT-0400 (EDT)",2400.42,,2348.25,
"Tue Jun 27 2017 04:45:50 GMT-0400 (EDT)",2399.81,,2348.32,
"Tue Jun 27 2017 04:55:32 GMT-0400 (EDT)",2397.97,,2345.97,
"Tue Jun 27 2017 05:05:57 GMT-0400 (EDT)",2384.15,,2336.4,
"Tue Jun 27 2017 05:15:38 GMT-0400 (EDT)",2380.51,,2332.96,
"Tue Jun 27 2017 05:25:45 GMT-0400 (EDT)",2380.62,,2333.47,
"Tue Jun 27 2017 05:35:20 GMT-0400 (EDT)",2398.03,,2347.03,
"Tue Jun 27 2017 05:45:24 GMT-0400 (EDT)",2424.06,,2376.05,
"Tue Jun 27 2017 05:55:45 GMT-0400 (EDT)",2419.4,,2368.34,
"Tue Jun 27 2017 06:05:30 GMT-0400 (EDT)",2412.74,,2366.18,
"Tue Jun 27 2017 06:15:42 GMT-0400 (EDT)",2419.32,,2369.26,
"Tue Jun 27 2017 06:25:41 GMT-0400 (EDT)",2438.61,,2386.69,
"Tue Jun 27 2017 06:35:41 GMT-0400 (EDT)",2441.55,,2391.71,
"Tue Jun 27 2017 06:45:40 GMT-0400 (EDT)",2439.74,,2391.41,
"Tue Jun 27 2017 06:55:39 GMT-0400 (EDT)",2423.48,,2374.36,
"Tue Jun 27 2017 07:05:39 GMT-0400 (EDT)",2418.81,,2370.12,
"Tue Jun 27 2017 07:15:42 GMT-0400 (EDT)",2405.91,,2354.59,
"Tue Jun 27 2017 07:25:42 GMT-0400 (EDT)",2398.78,,2350.25,
"Tue Jun 27 2017 07:35:42 GMT-0400 (EDT)",2385.68,,2335.79,
"Tue Jun 27 2017 07:45:36 GMT-0400 (EDT)",2407.86,,2358.07,
"Tue Jun 27 2017 07:55:47 GMT-0400 (EDT)",2393.22,,2345.13,
"Tue Jun 27 2017 08:05:23 GMT-0400 (EDT)",2385.74,,2336.75,
"Tue Jun 27 2017 08:15:32 GMT-0400 (EDT)",2366.69,,2319.96,
"Tue Jun 27 2017 08:25:37 GMT-0400 (EDT)",2411.75,,2362.86,
"Tue Jun 27 2017 08:35:47 GMT-0400 (EDT)",2408.95,,2358.05,
"Tue Jun 27 2017 08:45:31 GMT-0400 (EDT)",2395.86,,2348.55,
"Tue Jun 27 2017 08:55:46 GMT-0400 (EDT)",2394.39,,2335.91,
"Tue Jun 27 2017 09:05:47 GMT-0400 (EDT)",2386.51,,2332.38,
"Tue Jun 27 2017 09:15:48 GMT-0400 (EDT)",2386.69,,2339.42,
"Tue Jun 27 2017 09:25:49 GMT-0400 (EDT)",2380.74,,2331.78,
"Tue Jun 27 2017 09:35:50 GMT-0400 (EDT)",2376.82,,2328.63,
"Tue Jun 27 2017 09:45:52 GMT-0400 (EDT)",2354.39,,2307.74,
"Tue Jun 27 2017 09:55:49 GMT-0400 (EDT)",2344.77,,2293.59,
"Tue Jun 27 2017 10:05:48 GMT-0400 (EDT)",2339.81,,2292.91,
"Tue Jun 27 2017 10:15:48 GMT-0400 (EDT)",2298.83,,2253.3,
"Tue Jun 27 2017 10:25:29 GMT-0400 (EDT)",2314.62,,2269.85,
"Tue Jun 27 2017 10:35:54 GMT-0400 (EDT)",2328.99,,2277.13,
"Tue Jun 27 2017 10:45:40 GMT-0400 (EDT)",2342.36,,2295.96,
"Tue Jun 27 2017 10:55:47 GMT-0400 (EDT)",2347.2,,2293.81,
"Tue Jun 27 2017 11:05:45 GMT-0400 (EDT)",2313.23,,2265.3,
"Tue Jun 27 2017 11:15:46 GMT-0400 (EDT)",2324.53,,2277.21,
"Tue Jun 27 2017 11:25:39 GMT-0400 (EDT)",2316.89,,2269.81,
"Tue Jun 27 2017 11:36:05 GMT-0400 (EDT)",2324.77,,2274.05,
"Tue Jun 27 2017 11:45:40 GMT-0400 (EDT)",2335.16,,2288.91,
"Tue Jun 27 2017 11:55:51 GMT-0400 (EDT)",2337.95,,2288.45,
"Tue Jun 27 2017 12:05:40 GMT-0400 (EDT)",2343.81,,2294.3,
"Tue Jun 27 2017 12:15:49 GMT-0400 (EDT)",2340.39,,2293.89,
"Tue Jun 27 2017 12:26:05 GMT-0400 (EDT)",2323.04,,2274.67,
"Tue Jun 27 2017 12:36:02 GMT-0400 (EDT)",2318.58,,2268.12,
"Tue Jun 27 2017 12:45:41 GMT-0400 (EDT)",2294.45,,2247.04,
"Tue Jun 27 2017 12:55:41 GMT-0400 (EDT)",2328.12,,2278.82,
"Tue Jun 27 2017 13:05:43 GMT-0400 (EDT)",2317.29,,2268.68,
"Tue Jun 27 2017 13:15:52 GMT-0400 (EDT)",2321.95,,2272.86,
"Tue Jun 27 2017 13:25:47 GMT-0400 (EDT)",2314.54,,2265.36,
"Tue Jun 27 2017 13:35:48 GMT-0400 (EDT)",2322.43,,2276.37,
"Tue Jun 27 2017 13:45:47 GMT-0400 (EDT)",2331.38,,2289.5,
"Tue Jun 27 2017 13:55:37 GMT-0400 (EDT)",2357.07,,2310.32,
"Tue Jun 27 2017 14:05:40 GMT-0400 (EDT)",2369.81,,2319.39,
"Tue Jun 27 2017 14:15:35 GMT-0400 (EDT)",2349.25,,2298.86,
"Tue Jun 27 2017 14:25:42 GMT-0400 (EDT)",2363.52,,2316.57,
"Tue Jun 27 2017 14:35:45 GMT-0400 (EDT)",2380.82,,2328.68,
"Tue Jun 27 2017 14:45:39 GMT-0400 (EDT)",2390.55,,2337.6,
"Tue Jun 27 2017 14:55:22 GMT-0400 (EDT)",2387.7,,2340.41,
"Tue Jun 27 2017 15:05:45 GMT-0400 (EDT)",2404.46,,2354.71,
"Tue Jun 27 2017 15:15:55 GMT-0400 (EDT)",2408.26,,2358.97,
"Tue Jun 27 2017 15:25:34 GMT-0400 (EDT)",2410.47,,2366.03,
"Tue Jun 27 2017 15:35:33 GMT-0400 (EDT)",2424.06,,2376.05,
"Tue Jun 27 2017 15:45:53 GMT-0400 (EDT)",2412.89,,2365.48,
"Tue Jun 27 2017 15:55:32 GMT-0400 (EDT)",2443.03,,2390.49,
"Tue Jun 27 2017 16:05:33 GMT-0400 (EDT)",2436.96,,2386.42,
"Tue Jun 27 2017 16:15:42 GMT-0400 (EDT)",2469.5,,2419.94,
"Tue Jun 27 2017 16:25:44 GMT-0400 (EDT)",2447.03,,2395.86,
"Tue Jun 27 2017 16:35:26 GMT-0400 (EDT)",2462.34,,2413.56,
"Tue Jun 27 2017 16:45:47 GMT-0400 (EDT)",2469.5,,2422.56,
"Tue Jun 27 2017 16:55:49 GMT-0400 (EDT)",2495.38,,2445.86,
"Tue Jun 27 2017 17:05:26 GMT-0400 (EDT)",2479.14,,2429.55,
"Tue Jun 27 2017 17:15:48 GMT-0400 (EDT)",2473.01,,2417.95,
"Tue Jun 27 2017 17:25:20 GMT-0400 (EDT)",2482.24,,2432.25,
"Tue Jun 27 2017 17:35:44 GMT-0400 (EDT)",2455.5,,2407.6,
"Tue Jun 27 2017 17:45:26 GMT-0400 (EDT)",2474.65,,2425.78,
"Tue Jun 27 2017 17:55:49 GMT-0400 (EDT)",2470.73,,2421.8,
"Tue Jun 27 2017 18:05:34 GMT-0400 (EDT)",2475.66,,2422.87,
"Tue Jun 27 2017 18:15:29 GMT-0400 (EDT)",2482.14,,2429.35,
"Tue Jun 27 2017 18:25:39 GMT-0400 (EDT)",2509.31,,2458.25,
"Tue Jun 27 2017 18:35:40 GMT-0400 (EDT)",2525.04,,2475.03,
"Tue Jun 27 2017 18:45:31 GMT-0400 (EDT)",2516.92,,2465.57,
"Tue Jun 27 2017 18:55:50 GMT-0400 (EDT)",2525.31,,2475.3,
"Tue Jun 27 2017 19:05:33 GMT-0400 (EDT)",2541.15,,2492.7,
"Tue Jun 27 2017 19:15:42 GMT-0400 (EDT)",2505.71,,2456.09,
"Tue Jun 27 2017 19:25:32 GMT-0400 (EDT)",2530.13,,2478.56,
"Tue Jun 27 2017 19:35:49 GMT-0400 (EDT)",2549.94,,2497.22,
"Tue Jun 27 2017 19:45:20 GMT-0400 (EDT)",2547.1,,2494.99,
"Tue Jun 27 2017 19:55:39 GMT-0400 (EDT)",2587.28,,2534.45,
"Tue Jun 27 2017 20:05:33 GMT-0400 (EDT)",2570.98,,2510.84,
"Tue Jun 27 2017 20:15:42 GMT-0400 (EDT)",2580.47,,2527.74,
"Tue Jun 27 2017 20:25:37 GMT-0400 (EDT)",2569.74,,2517.58,
"Tue Jun 27 2017 20:35:40 GMT-0400 (EDT)",2565.45,,2512.32,
"Tue Jun 27 2017 20:45:38 GMT-0400 (EDT)",2554.34,,2502.13,
"Tue Jun 27 2017 20:55:36 GMT-0400 (EDT)",2550.19,,2499.51,
"Tue Jun 27 2017 21:05:50 GMT-0400 (EDT)",2532.42,,2479.03,
"Tue Jun 27 2017 21:15:52 GMT-0400 (EDT)",2548.93,,2497.02,
"Tue Jun 27 2017 21:25:53 GMT-0400 (EDT)",2530.47,,2476.45,
"Tue Jun 27 2017 21:35:35 GMT-0400 (EDT)",2513.49,,2456.38,
"Tue Jun 27 2017 21:45:43 GMT-0400 (EDT)",2506.82,,2455.5,
"Tue Jun 27 2017 21:55:34 GMT-0400 (EDT)",2482.81,,2433.23,
"Tue Jun 27 2017 22:05:56 GMT-0400 (EDT)",2516.35,,2465.26,
"Tue Jun 27 2017 22:15:19 GMT-0400 (EDT)",2527.68,,2467.33,
"Tue Jun 27 2017 22:25:43 GMT-0400 (EDT)",2512.05,,2462.28,
"Tue Jun 27 2017 22:35:47 GMT-0400 (EDT)",2514.13,,2458.93,
"Tue Jun 27 2017 22:45:41 GMT-0400 (EDT)",2508.68,,2457.57,
"Tue Jun 27 2017 22:55:31 GMT-0400 (EDT)",2498.49,,2444.38,
"Tue Jun 27 2017 23:05:49 GMT-0400 (EDT)",2504.75,,2452.4,
"Tue Jun 27 2017 23:15:46 GMT-0400 (EDT)",2524.06,,2470.49,
"Tue Jun 27 2017 23:25:30 GMT-0400 (EDT)",2548.43,,2498.62,
"Tue Jun 27 2017 23:35:39 GMT-0400 (EDT)",2547.58,,2493.95,
"Tue Jun 27 2017 23:45:44 GMT-0400 (EDT)",2549.09,,2498.12,
"Tue Jun 27 2017 23:55:32 GMT-0400 (EDT)",2567.51,,2515.75,
"Wed Jun 28 2017 00:05:41 GMT-0400 (EDT)",2561.84,,2509.72,
"Wed Jun 28 2017 00:15:25 GMT-0400 (EDT)",2553.16,,2500.46,
"Wed Jun 28 2017 00:25:45 GMT-0400 (EDT)",2544.82,,2489.5,
"Wed Jun 28 2017 00:35:46 GMT-0400 (EDT)",2553.27,,2502.66,
"Wed Jun 28 2017 00:45:34 GMT-0400 (EDT)",2531.98,,2478.73,
"Wed Jun 28 2017 00:55:20 GMT-0400 (EDT)",2525.06,,2471.11,
"Wed Jun 28 2017 01:05:41 GMT-0400 (EDT)",2514.97,,2465.16,
"Wed Jun 28 2017 01:15:43 GMT-0400 (EDT)",2508.19,,2456.28,
"Wed Jun 28 2017 01:25:36 GMT-0400 (EDT)",2504.87,,2455.26,
"Wed Jun 28 2017 01:35:41 GMT-0400 (EDT)",2506.79,,2456.55,
"Wed Jun 28 2017 01:45:20 GMT-0400 (EDT)",2516.68,,2464.44,
"Wed Jun 28 2017 01:55:30 GMT-0400 (EDT)",2523.21,,2468.9,
"Wed Jun 28 2017 02:05:42 GMT-0400 (EDT)",2518.36,,2467.74,
"Wed Jun 28 2017 02:15:29 GMT-0400 (EDT)",2517.62,,2467.14,
"Wed Jun 28 2017 02:25:35 GMT-0400 (EDT)",2515.05,,2465.24,
"Wed Jun 28 2017 02:35:45 GMT-0400 (EDT)",2522.16,,2466.92,
"Wed Jun 28 2017 02:45:41 GMT-0400 (EDT)",2523.45,,2468.92,
"Wed Jun 28 2017 02:55:46 GMT-0400 (EDT)",2513.06,,2461.63,
"Wed Jun 28 2017 03:05:25 GMT-0400 (EDT)",2524.43,,2474.52,
"Wed Jun 28 2017 03:15:20 GMT-0400 (EDT)",2536.42,,2483.92,
"Wed Jun 28 2017 03:25:37 GMT-0400 (EDT)",2537.38,,2485.81,
"Wed Jun 28 2017 03:35:44 GMT-0400 (EDT)",2532.36,,2482.22,
"Wed Jun 28 2017 03:45:30 GMT-0400 (EDT)",2531.29,,2480.95,
"Wed Jun 28 2017 03:55:29 GMT-0400 (EDT)",2539.92,,2489.62,
"Wed Jun 28 2017 04:05:34 GMT-0400 (EDT)",2543.38,,2492.05,
"Wed Jun 28 2017 04:15:40 GMT-0400 (EDT)",2545.23,,2494.54,
"Wed Jun 28 2017 04:25:45 GMT-0400 (EDT)",2542.54,,2482.49,
"Wed Jun 28 2017 04:35:25 GMT-0400 (EDT)",2522.48,,2474.07,
"Wed Jun 28 2017 04:45:39 GMT-0400 (EDT)",2503.97,,2452.13,
"Wed Jun 28 2017 04:55:39 GMT-0400 (EDT)",2515.88,,2466.26,
"Wed Jun 28 2017 05:05:25 GMT-0400 (EDT)",2513.54,,2463.22,
"Wed Jun 28 2017 05:15:22 GMT-0400 (EDT)",2516.72,,2466.87,
"Wed Jun 28 2017 05:25:24 GMT-0400 (EDT)",2537.71,,2476.72,
"Wed Jun 28 2017 05:35:23 GMT-0400 (EDT)",2539.17,,2484.29,
"Wed Jun 28 2017 05:45:33 GMT-0400 (EDT)",2544.27,,2493.87,
"Wed Jun 28 2017 05:55:47 GMT-0400 (EDT)",2540.63,,2488.93,
"Wed Jun 28 2017 06:05:54 GMT-0400 (EDT)",2549.3,,2497.91,
"Wed Jun 28 2017 06:15:47 GMT-0400 (EDT)",2557.1,,2506.95,
"Wed Jun 28 2017 06:25:39 GMT-0400 (EDT)",2554.7,,2503.12,
"Wed Jun 28 2017 06:35:50 GMT-0400 (EDT)",2555.19,,2504.05,
"Wed Jun 28 2017 06:45:43 GMT-0400 (EDT)",2544.85,,2492.95,
"Wed Jun 28 2017 06:55:43 GMT-0400 (EDT)",2537.79,,2487.53,
"Wed Jun 28 2017 07:05:31 GMT-0400 (EDT)",2536.35,,2489,
"Wed Jun 28 2017 07:15:39 GMT-0400 (EDT)",2535.23,,2484.05,
"Wed Jun 28 2017 07:25:32 GMT-0400 (EDT)",2542.89,,2490.35,
"Wed Jun 28 2017 07:35:47 GMT-0400 (EDT)",2551.2,,2498.91,
"Wed Jun 28 2017 07:45:22 GMT-0400 (EDT)",2553.53,,2501.7,
"Wed Jun 28 2017 07:55:34 GMT-0400 (EDT)",2553.53,,2501.7,
"Wed Jun 28 2017 08:05:34 GMT-0400 (EDT)",2553.53,,2501.7,
"Wed Jun 28 2017 08:15:30 GMT-0400 (EDT)",2573.09,,2520.81,
"Wed Jun 28 2017 08:25:19 GMT-0400 (EDT)",2573.79,,2517.45,
"Wed Jun 28 2017 08:35:27 GMT-0400 (EDT)",2560.38,,2508.69,
"Wed Jun 28 2017 08:45:43 GMT-0400 (EDT)",2562.38,,2511.64,
"Wed Jun 28 2017 08:55:28 GMT-0400 (EDT)",2575.46,,2523.97,
"Wed Jun 28 2017 09:05:48 GMT-0400 (EDT)",2574.53,,2523.99,
"Wed Jun 28 2017 09:15:22 GMT-0400 (EDT)",2572.11,,2519.91,
"Wed Jun 28 2017 09:25:45 GMT-0400 (EDT)",2573.35,,2522.38,
"Wed Jun 28 2017 09:35:28 GMT-0400 (EDT)",2575.54,,2522.39,
"Wed Jun 28 2017 09:45:51 GMT-0400 (EDT)",2585.31,,2531.28,
"Wed Jun 28 2017 09:55:37 GMT-0400 (EDT)",2599.8,,2548.31,
"Wed Jun 28 2017 10:05:39 GMT-0400 (EDT)",2587.52,,2534.66,
"Wed Jun 28 2017 10:15:38 GMT-0400 (EDT)",2599.63,,2544.48,
"Wed Jun 28 2017 10:25:41 GMT-0400 (EDT)",2593.62,,2541.16,
"Wed Jun 28 2017 10:35:34 GMT-0400 (EDT)",2589.1,,2537.06,
"Wed Jun 28 2017 10:45:27 GMT-0400 (EDT)",2589.69,,2536.26,
"Wed Jun 28 2017 10:55:49 GMT-0400 (EDT)",2573.02,,2520.82,
"Wed Jun 28 2017 11:06:15 GMT-0400 (EDT)",2573.85,,2516.58,
"Wed Jun 28 2017 11:17:52 GMT-0400 (EDT)",2584.97,,2531.61,
"Wed Jun 28 2017 11:26:17 GMT-0400 (EDT)",2584.45,,2532.74,
"Wed Jun 28 2017 11:35:56 GMT-0400 (EDT)",2579.99,,2530.08,
"Wed Jun 28 2017 11:45:38 GMT-0400 (EDT)",2567.94,,2514.83,
"Wed Jun 28 2017 11:55:38 GMT-0400 (EDT)",2576.41,,2521.87,
"Wed Jun 28 2017 12:05:35 GMT-0400 (EDT)",2576.47,,2524.6,
"Wed Jun 28 2017 12:15:43 GMT-0400 (EDT)",2569.11,,2515.91,
"Wed Jun 28 2017 12:25:40 GMT-0400 (EDT)",2550.64,,2494.9,
"Wed Jun 28 2017 12:35:33 GMT-0400 (EDT)",2553.64,,2502.12,
"Wed Jun 28 2017 12:45:38 GMT-0400 (EDT)",2557.38,,2506.73,
"Wed Jun 28 2017 12:55:28 GMT-0400 (EDT)",2568.02,,2517.83,
"Wed Jun 28 2017 13:05:54 GMT-0400 (EDT)",2568.8,,2516.25,
"Wed Jun 28 2017 13:15:46 GMT-0400 (EDT)",2575.25,,2522.99,
"Wed Jun 28 2017 13:25:38 GMT-0400 (EDT)",2586.38,,2531.1,
"Wed Jun 28 2017 13:35:36 GMT-0400 (EDT)",2577.55,,2525,
"Wed Jun 28 2017 13:45:42 GMT-0400 (EDT)",2580.8,,2527.67,
"Wed Jun 28 2017 13:55:41 GMT-0400 (EDT)",2577.51,,2525.46,
"Wed Jun 28 2017 14:05:35 GMT-0400 (EDT)",2579.24,,2528.16,
"Wed Jun 28 2017 14:15:42 GMT-0400 (EDT)",2581.61,,2528.92,
"Wed Jun 28 2017 14:25:48 GMT-0400 (EDT)",2569.11,,2517.36,
"Wed Jun 28 2017 14:35:39 GMT-0400 (EDT)",2568.14,,2514.65,
"Wed Jun 28 2017 14:45:28 GMT-0400 (EDT)",2569.59,,2518.67,
"Wed Jun 28 2017 14:55:43 GMT-0400 (EDT)",2573.74,,2521.13,
"Wed Jun 28 2017 15:05:38 GMT-0400 (EDT)",2582.13,,2530.89,
"Wed Jun 28 2017 15:15:30 GMT-0400 (EDT)",2566.16,,2512.53,
"Wed Jun 28 2017 15:25:21 GMT-0400 (EDT)",2575.05,,2524.06,
"Wed Jun 28 2017 15:35:46 GMT-0400 (EDT)",2575.37,,2524.21,
"Wed Jun 28 2017 15:45:26 GMT-0400 (EDT)",2582.1,,2528.05,
"Wed Jun 28 2017 15:55:48 GMT-0400 (EDT)",2585.66,,2533.21,
"Wed Jun 28 2017 16:05:49 GMT-0400 (EDT)",2595.65,,2542.47,
"Wed Jun 28 2017 16:15:25 GMT-0400 (EDT)",2599.83,,2544.41,
"Wed Jun 28 2017 16:25:56 GMT-0400 (EDT)",2602.19,,2551.41,
"Wed Jun 28 2017 16:35:43 GMT-0400 (EDT)",2616.89,,2563.52,
"Wed Jun 28 2017 16:45:44 GMT-0400 (EDT)",2615.58,,2565.98,
"Wed Jun 28 2017 16:55:47 GMT-0400 (EDT)",2617.88,,2566.04,
"Wed Jun 28 2017 17:05:53 GMT-0400 (EDT)",2626.06,,2574.06,
"Wed Jun 28 2017 17:15:44 GMT-0400 (EDT)",2614.46,,2558.53,
"Wed Jun 28 2017 17:25:41 GMT-0400 (EDT)",2618.88,,2565.03,
"Wed Jun 28 2017 17:35:41 GMT-0400 (EDT)",2612.73,,2560.99,
"Wed Jun 28 2017 17:45:37 GMT-0400 (EDT)",2623.64,,2568.64,
"Wed Jun 28 2017 17:55:41 GMT-0400 (EDT)",2630.53,,2568.59,
"Wed Jun 28 2017 18:05:50 GMT-0400 (EDT)",2602.01,,2550.59,
"Wed Jun 28 2017 18:15:35 GMT-0400 (EDT)",2596.96,,2544.98,
"Wed Jun 28 2017 18:25:41 GMT-0400 (EDT)",2604.23,,2548.42,
"Wed Jun 28 2017 18:35:43 GMT-0400 (EDT)",2574.76,,2523.76,
"Wed Jun 28 2017 18:45:46 GMT-0400 (EDT)",2563.6,,2511.81,
"Wed Jun 28 2017 18:55:37 GMT-0400 (EDT)",2591.21,,2538.28,
"Wed Jun 28 2017 19:05:36 GMT-0400 (EDT)",2589.97,,2537.28,
"Wed Jun 28 2017 19:15:51 GMT-0400 (EDT)",2594.51,,2541.71,
"Wed Jun 28 2017 19:25:44 GMT-0400 (EDT)",2595.72,,2539.44,
"Wed Jun 28 2017 19:35:26 GMT-0400 (EDT)",2595.72,,2544.21,
"Wed Jun 28 2017 19:45:24 GMT-0400 (EDT)",2603.05,,2548.99,
"Wed Jun 28 2017 19:55:46 GMT-0400 (EDT)",2580.55,,2528.21,
"Wed Jun 28 2017 20:05:29 GMT-0400 (EDT)",2575.98,,2522.7,
"Wed Jun 28 2017 20:15:47 GMT-0400 (EDT)",2576.47,,2524.32,
"Wed Jun 28 2017 20:25:33 GMT-0400 (EDT)",2577.09,,2524.99,
"Wed Jun 28 2017 20:35:27 GMT-0400 (EDT)",2584,,2531.06,
"Wed Jun 28 2017 20:45:37 GMT-0400 (EDT)",2587.53,,2534.13,
"Wed Jun 28 2017 20:55:36 GMT-0400 (EDT)",2571.54,,2519.63,
"Wed Jun 28 2017 21:05:30 GMT-0400 (EDT)",2579.9,,2527.39,
"Wed Jun 28 2017 21:15:43 GMT-0400 (EDT)",2577.05,,2523.03,
"Wed Jun 28 2017 21:25:35 GMT-0400 (EDT)",2571.35,,2520.21,
"Wed Jun 28 2017 21:35:31 GMT-0400 (EDT)",2572.74,,2521.48,
"Wed Jun 28 2017 21:45:29 GMT-0400 (EDT)",2579.47,,2525.8,
"Wed Jun 28 2017 21:55:36 GMT-0400 (EDT)",2585.3,,2534.1,
"Wed Jun 28 2017 22:05:35 GMT-0400 (EDT)",2572.23,,2521.29,
"Wed Jun 28 2017 22:15:33 GMT-0400 (EDT)",2576.98,,2525.07,
"Wed Jun 28 2017 22:25:39 GMT-0400 (EDT)",2587.15,,2532.08,
"Wed Jun 28 2017 22:35:25 GMT-0400 (EDT)",2592.4,,2538.67,
"Wed Jun 28 2017 22:45:46 GMT-0400 (EDT)",2590.09,,2536.64,
"Wed Jun 28 2017 22:55:30 GMT-0400 (EDT)",2577.7,,2525.48,
"Wed Jun 28 2017 23:05:26 GMT-0400 (EDT)",2581.22,,2528.53,
"Wed Jun 28 2017 23:15:46 GMT-0400 (EDT)",2575.31,,2521.51,
"Wed Jun 28 2017 23:25:18 GMT-0400 (EDT)",2587.69,,2536.44,
"Wed Jun 28 2017 23:35:22 GMT-0400 (EDT)",2590.61,,2539.3,
"Wed Jun 28 2017 23:45:38 GMT-0400 (EDT)",2589.86,,2536.31,
"Wed Jun 28 2017 23:55:26 GMT-0400 (EDT)",2590.59,,2539.29,
"Thu Jun 29 2017 00:05:50 GMT-0400 (EDT)",2595.43,,2543.02,
"Thu Jun 29 2017 00:15:34 GMT-0400 (EDT)",2600.24,,2548.18,
"Thu Jun 29 2017 00:25:37 GMT-0400 (EDT)",2594.74,,2541.88,
"Thu Jun 29 2017 00:35:38 GMT-0400 (EDT)",2594.37,,2542.38,
"Thu Jun 29 2017 00:45:43 GMT-0400 (EDT)",2589.69,,2535.74,
"Thu Jun 29 2017 00:55:35 GMT-0400 (EDT)",2590.68,,2539.22,
"Thu Jun 29 2017 01:05:32 GMT-0400 (EDT)",2586.63,,2532.57,
"Thu Jun 29 2017 01:15:34 GMT-0400 (EDT)",2588.82,,2534.91,
"Thu Jun 29 2017 01:25:38 GMT-0400 (EDT)",2585.67,,2534.46,
"Thu Jun 29 2017 01:35:38 GMT-0400 (EDT)",2587.91,,2535.41,
"Thu Jun 29 2017 01:45:28 GMT-0400 (EDT)",2582.74,,2528.88,
"Thu Jun 29 2017 01:55:30 GMT-0400 (EDT)",2580.71,,2526,
"Thu Jun 29 2017 02:05:36 GMT-0400 (EDT)",2579.98,,2528.88,
"Thu Jun 29 2017 02:15:45 GMT-0400 (EDT)",2579.74,,2525.11,
"Thu Jun 29 2017 02:25:29 GMT-0400 (EDT)",2581.41,,2529.98,
"Thu Jun 29 2017 02:35:47 GMT-0400 (EDT)",2589.25,,2537.97,
"Thu Jun 29 2017 02:45:41 GMT-0400 (EDT)",2592.58,,2541.24,
"Thu Jun 29 2017 02:55:34 GMT-0400 (EDT)",2589.56,,2538.27,
"Thu Jun 29 2017 03:05:28 GMT-0400 (EDT)",2590.52,,2538.2,
"Thu Jun 29 2017 03:15:39 GMT-0400 (EDT)",2585.24,,2531.56,
"Thu Jun 29 2017 03:25:38 GMT-0400 (EDT)",2593.22,,2541.4,
"Thu Jun 29 2017 03:35:25 GMT-0400 (EDT)",2591.22,,2538.16,
"Thu Jun 29 2017 03:45:28 GMT-0400 (EDT)",2592.97,,2540.3,
"Thu Jun 29 2017 03:55:31 GMT-0400 (EDT)",2590.06,,2538.69,
"Thu Jun 29 2017 04:05:43 GMT-0400 (EDT)",2597.21,,2544.37,
"Thu Jun 29 2017 04:15:33 GMT-0400 (EDT)",2600.55,,2548.55,
"Thu Jun 29 2017 04:25:29 GMT-0400 (EDT)",2608.43,,2555.74,
"Thu Jun 29 2017 04:35:32 GMT-0400 (EDT)",2601.11,,2547.09,
"Thu Jun 29 2017 04:45:28 GMT-0400 (EDT)",2597.15,,2545.46,
"Thu Jun 29 2017 04:55:18 GMT-0400 (EDT)",2598.07,,2545.48,
"Thu Jun 29 2017 05:05:24 GMT-0400 (EDT)",2597.97,,2544.54,
"Thu Jun 29 2017 05:15:38 GMT-0400 (EDT)",2600.6,,2545.48,
"Thu Jun 29 2017 05:25:21 GMT-0400 (EDT)",2603.07,,2551.4,
"Thu Jun 29 2017 05:35:21 GMT-0400 (EDT)",2605.85,,2553.3,
"Thu Jun 29 2017 05:45:21 GMT-0400 (EDT)",2605.56,,2552.95,
"Thu Jun 29 2017 05:55:43 GMT-0400 (EDT)",2590.04,,2538.73,
"Thu Jun 29 2017 06:05:20 GMT-0400 (EDT)",2589.71,,2535.91,
"Thu Jun 29 2017 06:15:36 GMT-0400 (EDT)",2585.47,,2531.34,
"Thu Jun 29 2017 06:25:30 GMT-0400 (EDT)",2574.21,,2520.97,
"Thu Jun 29 2017 06:35:31 GMT-0400 (EDT)",2557.59,,2506.94,
"Thu Jun 29 2017 06:45:31 GMT-0400 (EDT)",2568.14,,2517.32,
"Thu Jun 29 2017 06:55:41 GMT-0400 (EDT)",2578.22,,2525.98,
"Thu Jun 29 2017 07:05:31 GMT-0400 (EDT)",2567.24,,2514.42,
"Thu Jun 29 2017 07:15:22 GMT-0400 (EDT)",2565.38,,2510.26,
"Thu Jun 29 2017 07:25:42 GMT-0400 (EDT)",2557.67,,2507.02,
"Thu Jun 29 2017 07:35:39 GMT-0400 (EDT)",2560.91,,2511.85,
"Thu Jun 29 2017 07:45:28 GMT-0400 (EDT)",2570.5,,2519.45,
"Thu Jun 29 2017 07:55:32 GMT-0400 (EDT)",2565.93,,2515.11,
"Thu Jun 29 2017 08:05:39 GMT-0400 (EDT)",2568.91,,2516.49,
"Thu Jun 29 2017 08:15:47 GMT-0400 (EDT)",2565.67,,2514.86,
"Thu Jun 29 2017 08:25:35 GMT-0400 (EDT)",2556.39,,2505.01,
"Thu Jun 29 2017 08:35:42 GMT-0400 (EDT)",2543.91,,2487.97,
"Thu Jun 29 2017 08:45:33 GMT-0400 (EDT)",2553.79,,2500.95,
"Thu Jun 29 2017 08:55:29 GMT-0400 (EDT)",2545.56,,2495.15,
"Thu Jun 29 2017 09:05:37 GMT-0400 (EDT)",2546.27,,2493.94,
"Thu Jun 29 2017 09:15:57 GMT-0400 (EDT)",2559.54,,2507.61,
"Thu Jun 29 2017 09:25:32 GMT-0400 (EDT)",2566.99,,2511.78,
"Thu Jun 29 2017 09:35:36 GMT-0400 (EDT)",2567.04,,2514.15,
"Thu Jun 29 2017 09:45:21 GMT-0400 (EDT)",2555.43,,2504.82,
"Thu Jun 29 2017 09:55:23 GMT-0400 (EDT)",2562.35,,2510.59,
"Thu Jun 29 2017 10:05:50 GMT-0400 (EDT)",2563.14,,2512.38,
"Thu Jun 29 2017 10:15:44 GMT-0400 (EDT)",2564.93,,2513.8,
"Thu Jun 29 2017 10:25:28 GMT-0400 (EDT)",2572.54,,2519.63,
"Thu Jun 29 2017 10:35:19 GMT-0400 (EDT)",2574.7,,2519.62,
"Thu Jun 29 2017 10:45:55 GMT-0400 (EDT)",2576.98,,2525.67,
"Thu Jun 29 2017 10:55:53 GMT-0400 (EDT)",2575.3,,2522.99,
"Thu Jun 29 2017 11:05:45 GMT-0400 (EDT)",2576.75,,2524.23,
"Thu Jun 29 2017 11:15:41 GMT-0400 (EDT)",2577.58,,2524.42,
"Thu Jun 29 2017 11:25:53 GMT-0400 (EDT)",2580.2,,2526.67,
"Thu Jun 29 2017 11:35:40 GMT-0400 (EDT)",2579.88,,2528.39,
"Thu Jun 29 2017 11:45:41 GMT-0400 (EDT)",2579.6,,2528.51,
"Thu Jun 29 2017 11:55:23 GMT-0400 (EDT)",2580.62,,2528.67,
"Thu Jun 29 2017 12:05:30 GMT-0400 (EDT)",2581.41,,2528.54,
"Thu Jun 29 2017 12:15:33 GMT-0400 (EDT)",2582.63,,2530.67,
"Thu Jun 29 2017 12:25:34 GMT-0400 (EDT)",2584.31,,2530.07,
"Thu Jun 29 2017 12:35:25 GMT-0400 (EDT)",2590.25,,2538.95,
"Thu Jun 29 2017 12:45:47 GMT-0400 (EDT)",2605.87,,2554.26,
"Thu Jun 29 2017 12:55:41 GMT-0400 (EDT)",2605.75,,2553.94,
"Thu Jun 29 2017 13:05:36 GMT-0400 (EDT)",2610.02,,2558.51,
"Thu Jun 29 2017 13:15:36 GMT-0400 (EDT)",2612.88,,2561.38,
"Thu Jun 29 2017 13:25:35 GMT-0400 (EDT)",2613.15,,2559.78,
"Thu Jun 29 2017 13:35:36 GMT-0400 (EDT)",2615.95,,2564.17,
"Thu Jun 29 2017 13:45:30 GMT-0400 (EDT)",2616.47,,2564.65,
"Thu Jun 29 2017 13:55:44 GMT-0400 (EDT)",2613.89,,2561.31,
"Thu Jun 29 2017 14:05:41 GMT-0400 (EDT)",2612.97,,2561.21,
"Thu Jun 29 2017 14:15:44 GMT-0400 (EDT)",2607.65,,2559.26,
"Thu Jun 29 2017 14:25:48 GMT-0400 (EDT)",2597.74,,2544.08,
"Thu Jun 29 2017 14:35:34 GMT-0400 (EDT)",2600.75,,2547.87,
"Thu Jun 29 2017 14:45:35 GMT-0400 (EDT)",2603.49,,2548.22,
"Thu Jun 29 2017 14:55:59 GMT-0400 (EDT)",2602.64,,2545.66,
"Thu Jun 29 2017 15:05:49 GMT-0400 (EDT)",2594.47,,2540.23,
"Thu Jun 29 2017 15:15:46 GMT-0400 (EDT)",2599.27,,2545.44,
"Thu Jun 29 2017 15:25:58 GMT-0400 (EDT)",2597.33,,2543,
"Thu Jun 29 2017 15:35:43 GMT-0400 (EDT)",2592.27,,2538.47,
"Thu Jun 29 2017 15:45:50 GMT-0400 (EDT)",2600.8,,2549.31,
"Thu Jun 29 2017 15:55:37 GMT-0400 (EDT)",2598.4,,2544.36,
"Thu Jun 29 2017 16:05:35 GMT-0400 (EDT)",2587.48,,2532.73,
"Thu Jun 29 2017 16:15:49 GMT-0400 (EDT)",2580.17,,2527,
"Thu Jun 29 2017 16:25:49 GMT-0400 (EDT)",2588.65,,2533.94,
"Thu Jun 29 2017 16:35:52 GMT-0400 (EDT)",2591.62,,2539.51,
"Thu Jun 29 2017 16:45:43 GMT-0400 (EDT)",2593.48,,2540.41,
"Thu Jun 29 2017 16:55:44 GMT-0400 (EDT)",2595.73,,2543.91,
"Thu Jun 29 2017 17:05:49 GMT-0400 (EDT)",2588.71,,2534.72,
"Thu Jun 29 2017 17:15:56 GMT-0400 (EDT)",2587.02,,2533.58,
"Thu Jun 29 2017 17:25:55 GMT-0400 (EDT)",2592.92,,2539.32,
"Thu Jun 29 2017 17:35:45 GMT-0400 (EDT)",2591.38,,2538.08,
"Thu Jun 29 2017 17:45:44 GMT-0400 (EDT)",2573.94,,2519.88,
"Thu Jun 29 2017 17:55:45 GMT-0400 (EDT)",2581.83,,2530.51,
"Thu Jun 29 2017 18:05:47 GMT-0400 (EDT)",2578.46,,2523.27,
"Thu Jun 29 2017 18:16:01 GMT-0400 (EDT)",2578.36,,2523.9,
"Thu Jun 29 2017 18:25:50 GMT-0400 (EDT)",2572.74,,2519.04,
"Thu Jun 29 2017 18:35:33 GMT-0400 (EDT)",2574.31,,2520.18,
"Thu Jun 29 2017 18:45:33 GMT-0400 (EDT)",2573.54,,2520.98,
"Thu Jun 29 2017 18:55:39 GMT-0400 (EDT)",2572.59,,2519.79,
"Thu Jun 29 2017 19:05:54 GMT-0400 (EDT)",2572.54,,2519.89,
"Thu Jun 29 2017 19:15:51 GMT-0400 (EDT)",2583.64,,2530.72,
"Thu Jun 29 2017 19:25:35 GMT-0400 (EDT)",2582.86,,2531.61,
"Thu Jun 29 2017 19:35:43 GMT-0400 (EDT)",2565.82,,2513.92,
"Thu Jun 29 2017 19:45:56 GMT-0400 (EDT)",2561.56,,2509.92,
"Thu Jun 29 2017 19:55:31 GMT-0400 (EDT)",2560.52,,2507.86,
"Thu Jun 29 2017 20:05:20 GMT-0400 (EDT)",2571.36,,2518.45,
"Thu Jun 29 2017 20:15:53 GMT-0400 (EDT)",2565.93,,2512.87,
"Thu Jun 29 2017 20:25:53 GMT-0400 (EDT)",2568.55,,2517.67,
"Thu Jun 29 2017 20:35:53 GMT-0400 (EDT)",2568.68,,2515.66,
"Thu Jun 29 2017 20:45:40 GMT-0400 (EDT)",2571.44,,2516.74,
"Thu Jun 29 2017 20:55:41 GMT-0400 (EDT)",2567.46,,2513.07,
"Thu Jun 29 2017 21:05:25 GMT-0400 (EDT)",2571.27,,2521.28,
"Thu Jun 29 2017 21:15:44 GMT-0400 (EDT)",2571.17,,2517.55,
"Thu Jun 29 2017 21:25:42 GMT-0400 (EDT)",2571.27,,2517.13,
"Thu Jun 29 2017 21:35:45 GMT-0400 (EDT)",2568.68,,2516.84,
"Thu Jun 29 2017 21:45:50 GMT-0400 (EDT)",2572.52,,2519.09,
"Thu Jun 29 2017 21:55:47 GMT-0400 (EDT)",2570.08,,2517.53,
"Thu Jun 29 2017 22:05:52 GMT-0400 (EDT)",2567.28,,2516.07,
"Thu Jun 29 2017 22:15:21 GMT-0400 (EDT)",2567.28,,2516.07,
"Thu Jun 29 2017 22:25:34 GMT-0400 (EDT)",2567.28,,2516.07,
"Thu Jun 29 2017 22:35:37 GMT-0400 (EDT)",2564.12,,2509,
"Thu Jun 29 2017 22:45:44 GMT-0400 (EDT)",2559.67,,2507.02,
"Thu Jun 29 2017 22:55:45 GMT-0400 (EDT)",2555.2,,2503.56,
"Thu Jun 29 2017 23:05:48 GMT-0400 (EDT)",2541.52,,2491.19,
"Thu Jun 29 2017 23:15:43 GMT-0400 (EDT)",2550.09,,2498.87,
"Thu Jun 29 2017 23:25:39 GMT-0400 (EDT)",2532.92,,2482.75,
"Thu Jun 29 2017 23:35:34 GMT-0400 (EDT)",2526.21,,2475.57,
"Thu Jun 29 2017 23:45:34 GMT-0400 (EDT)",2525.07,,2475.06,
"Thu Jun 29 2017 23:55:39 GMT-0400 (EDT)",2535.93,,2484.73,
"Fri Jun 30 2017 00:05:20 GMT-0400 (EDT)",2539.51,,2485.42,
"Fri Jun 30 2017 00:15:34 GMT-0400 (EDT)",2541.99,,2489.65,
"Fri Jun 30 2017 00:25:37 GMT-0400 (EDT)",2554.46,,2500.68,
"Fri Jun 30 2017 00:35:26 GMT-0400 (EDT)",2553.87,,2500.78,
"Fri Jun 30 2017 00:45:46 GMT-0400 (EDT)",2552.19,,2500.56,
"Fri Jun 30 2017 00:55:26 GMT-0400 (EDT)",2555.36,,2504.75,
"Fri Jun 30 2017 01:05:50 GMT-0400 (EDT)",2547.21,,2494.99,
"Fri Jun 30 2017 01:15:44 GMT-0400 (EDT)",2539.49,,2486.84,
"Fri Jun 30 2017 01:25:22 GMT-0400 (EDT)",2534.51,,2482.2,
"Fri Jun 30 2017 01:35:22 GMT-0400 (EDT)",2537,,2486.75,
"Fri Jun 30 2017 01:45:42 GMT-0400 (EDT)",2535.89,,2483.69,
"Fri Jun 30 2017 01:55:47 GMT-0400 (EDT)",2530.64,,2479.38,
"Fri Jun 30 2017 02:05:27 GMT-0400 (EDT)",2538.62,,2486.48,
"Fri Jun 30 2017 02:15:33 GMT-0400 (EDT)",2544.46,,2494.06,
"Fri Jun 30 2017 02:25:47 GMT-0400 (EDT)",2544.23,,2491.03,
"Fri Jun 30 2017 02:35:41 GMT-0400 (EDT)",2543.78,,2489.85,
"Fri Jun 30 2017 02:45:45 GMT-0400 (EDT)",2543.21,,2491.92,
"Fri Jun 30 2017 02:55:45 GMT-0400 (EDT)",2540.99,,2489.73,
"Fri Jun 30 2017 03:05:41 GMT-0400 (EDT)",2540.85,,2489.2,
"Fri Jun 30 2017 03:15:48 GMT-0400 (EDT)",2540.77,,2489.69,
"Fri Jun 30 2017 03:25:48 GMT-0400 (EDT)",2539.16,,2487.95,
"Fri Jun 30 2017 03:35:32 GMT-0400 (EDT)",2534.52,,2480.5,
"Fri Jun 30 2017 03:45:32 GMT-0400 (EDT)",2529.82,,2479.55,
"Fri Jun 30 2017 03:55:38 GMT-0400 (EDT)",2534.69,,2484.49,
"Fri Jun 30 2017 04:05:33 GMT-0400 (EDT)",2541.58,,2491.13,
"Fri Jun 30 2017 04:15:37 GMT-0400 (EDT)",2555.46,,2504.85,
"Fri Jun 30 2017 04:25:57 GMT-0400 (EDT)",2551.05,,2500.52,
"Fri Jun 30 2017 04:35:40 GMT-0400 (EDT)",2546.76,,2494.45,
"Fri Jun 30 2017 04:45:42 GMT-0400 (EDT)",2547.66,,2493.25,
"Fri Jun 30 2017 04:55:38 GMT-0400 (EDT)",2543.39,,2492.05,
"Fri Jun 30 2017 05:05:29 GMT-0400 (EDT)",2548.63,,2495.67,
"Fri Jun 30 2017 05:15:43 GMT-0400 (EDT)",2555.37,,2502.16,
"Fri Jun 30 2017 05:25:41 GMT-0400 (EDT)",2552.97,,2501,
"Fri Jun 30 2017 05:35:28 GMT-0400 (EDT)",2551.73,,2500.94,
"Fri Jun 30 2017 05:45:20 GMT-0400 (EDT)",2555.38,,2504.14,
"Fri Jun 30 2017 05:55:27 GMT-0400 (EDT)",2554.45,,2501.22,
"Fri Jun 30 2017 06:05:27 GMT-0400 (EDT)",2554.04,,2500.79,
"Fri Jun 30 2017 06:15:32 GMT-0400 (EDT)",2554.25,,2502.49,
"Fri Jun 30 2017 06:25:33 GMT-0400 (EDT)",2551.55,,2499.67,
"Fri Jun 30 2017 06:35:21 GMT-0400 (EDT)",2552.5,,2500.53,
"Fri Jun 30 2017 06:45:39 GMT-0400 (EDT)",2552.94,,2499.65,
"Fri Jun 30 2017 06:55:33 GMT-0400 (EDT)",2554.61,,2502.66,
"Fri Jun 30 2017 07:05:43 GMT-0400 (EDT)",2563.29,,2512.18,
"Fri Jun 30 2017 07:15:30 GMT-0400 (EDT)",2568.67,,2516.26,
"Fri Jun 30 2017 07:25:20 GMT-0400 (EDT)",2572.54,,2521.28,
"Fri Jun 30 2017 07:35:41 GMT-0400 (EDT)",2571.09,,2516.67,
"Fri Jun 30 2017 07:45:40 GMT-0400 (EDT)",2572.54,,2520.51,
"Fri Jun 30 2017 07:55:38 GMT-0400 (EDT)",2572.17,,2519.84,
"Fri Jun 30 2017 08:05:53 GMT-0400 (EDT)",2559.8,,2508.72,
"Fri Jun 30 2017 08:15:43 GMT-0400 (EDT)",2558.61,,2506.34,
"Fri Jun 30 2017 08:25:45 GMT-0400 (EDT)",2555.94,,2502.94,
"Fri Jun 30 2017 08:35:45 GMT-0400 (EDT)",2556.62,,2503.95,
"Fri Jun 30 2017 08:45:44 GMT-0400 (EDT)",2556.62,,2503.95,
"Fri Jun 30 2017 08:55:54 GMT-0400 (EDT)",2556.62,,2503.95,
"Fri Jun 30 2017 09:05:51 GMT-0400 (EDT)",2538.79,,2488.5,
"Fri Jun 30 2017 09:15:47 GMT-0400 (EDT)",2542.42,,2490.43,
"Fri Jun 30 2017 09:25:31 GMT-0400 (EDT)",2543.78,,2490.94,
"Fri Jun 30 2017 09:35:53 GMT-0400 (EDT)",2533.35,,2479.49,
"Fri Jun 30 2017 09:45:46 GMT-0400 (EDT)",2525.16,,2475.06,
"Fri Jun 30 2017 09:55:54 GMT-0400 (EDT)",2500.6,,2450.37,
"Fri Jun 30 2017 10:05:54 GMT-0400 (EDT)",2507.67,,2455.19,
"Fri Jun 30 2017 10:15:59 GMT-0400 (EDT)",2519.59,,2466.23,
"Fri Jun 30 2017 10:25:54 GMT-0400 (EDT)",2524.63,,2473.24,
"Fri Jun 30 2017 10:35:54 GMT-0400 (EDT)",2521.42,,2470.25,
"Fri Jun 30 2017 10:45:41 GMT-0400 (EDT)",2522.39,,2472.43,
"Fri Jun 30 2017 10:55:23 GMT-0400 (EDT)",2525.14,,2474.62,
"Fri Jun 30 2017 11:06:00 GMT-0400 (EDT)",2526.48,,2473.21,
"Fri Jun 30 2017 11:15:46 GMT-0400 (EDT)",2523.31,,2472.03,
"Fri Jun 30 2017 11:25:32 GMT-0400 (EDT)",2548.24,,2494.46,
"Fri Jun 30 2017 11:35:53 GMT-0400 (EDT)",2533.13,,2482.67,
"Fri Jun 30 2017 11:45:38 GMT-0400 (EDT)",2536.02,,2484.97,
"Fri Jun 30 2017 11:55:25 GMT-0400 (EDT)",2537.28,,2486.08,
"Fri Jun 30 2017 12:05:48 GMT-0400 (EDT)",2536.29,,2485.97,
"Fri Jun 30 2017 12:15:22 GMT-0400 (EDT)",2542.89,,2489.9,
"Fri Jun 30 2017 12:25:50 GMT-0400 (EDT)",2544.38,,2493.88,
"Fri Jun 30 2017 12:35:55 GMT-0400 (EDT)",2544.42,,2494.02,
"Fri Jun 30 2017 12:45:50 GMT-0400 (EDT)",2544.43,,2494.03,
"Fri Jun 30 2017 12:55:40 GMT-0400 (EDT)",2544.49,,2494.02,
"Fri Jun 30 2017 13:05:51 GMT-0400 (EDT)",2545.25,,2494.1,
"Fri Jun 30 2017 13:15:47 GMT-0400 (EDT)",2545.24,,2494.02,
"Fri Jun 30 2017 13:25:45 GMT-0400 (EDT)",2539.2,,2487.88,
"Fri Jun 30 2017 13:35:48 GMT-0400 (EDT)",2541.47,,2488.92,
"Fri Jun 30 2017 13:45:52 GMT-0400 (EDT)",2545.25,,2494.23,
"Fri Jun 30 2017 13:55:35 GMT-0400 (EDT)",2552.28,,2501.09,
"Fri Jun 30 2017 14:05:38 GMT-0400 (EDT)",2552.44,,2500.87,
"Fri Jun 30 2017 14:15:21 GMT-0400 (EDT)",2552.43,,2501.87,
"Fri Jun 30 2017 14:25:54 GMT-0400 (EDT)",2552.35,,2501.79,
"Fri Jun 30 2017 14:35:40 GMT-0400 (EDT)",2552.76,,2502.2,
"Fri Jun 30 2017 14:45:41 GMT-0400 (EDT)",2551.33,,2500.74,
"Fri Jun 30 2017 14:55:45 GMT-0400 (EDT)",2545.89,,2495.29,
"Fri Jun 30 2017 15:05:48 GMT-0400 (EDT)",2545.77,,2494.87,
"Fri Jun 30 2017 15:15:30 GMT-0400 (EDT)",2544.51,,2489.17,
"Fri Jun 30 2017 15:25:38 GMT-0400 (EDT)",2524.7,,2471.83,
"Fri Jun 30 2017 15:35:30 GMT-0400 (EDT)",2514.54,,2463.51,
"Fri Jun 30 2017 15:45:41 GMT-0400 (EDT)",2510.08,,2459.22,
"Fri Jun 30 2017 15:55:43 GMT-0400 (EDT)",2520.35,,2467.67,
"Fri Jun 30 2017 16:05:44 GMT-0400 (EDT)",2525.58,,2474.31,
"Fri Jun 30 2017 16:15:44 GMT-0400 (EDT)",2525.23,,2472.32,
"Fri Jun 30 2017 16:25:53 GMT-0400 (EDT)",2522.27,,2472.17,
"Fri Jun 30 2017 16:35:31 GMT-0400 (EDT)",2526.14,,2472.15,
"Fri Jun 30 2017 16:45:41 GMT-0400 (EDT)",2522.92,,2470.16,
"Fri Jun 30 2017 16:55:32 GMT-0400 (EDT)",2524.17,,2473.11,
"Fri Jun 30 2017 17:05:28 GMT-0400 (EDT)",2524.57,,2473.95,
"Fri Jun 30 2017 17:15:22 GMT-0400 (EDT)",2525.36,,2474.76,
"Fri Jun 30 2017 17:25:45 GMT-0400 (EDT)",2507.88,,2458.14,
"Fri Jun 30 2017 17:35:43 GMT-0400 (EDT)",2502.57,,2450.39,
"Fri Jun 30 2017 17:45:47 GMT-0400 (EDT)",2496.95,,2446.73,
"Fri Jun 30 2017 17:55:37 GMT-0400 (EDT)",2489.1,,2438.43,
"Fri Jun 30 2017 18:05:35 GMT-0400 (EDT)",2494.49,,2444.84,
"Fri Jun 30 2017 18:15:38 GMT-0400 (EDT)",2496.67,,2446.37,
"Fri Jun 30 2017 18:25:48 GMT-0400 (EDT)",2508.09,,2457.11,
"Fri Jun 30 2017 18:35:26 GMT-0400 (EDT)",2494.09,,2442.08,
"Fri Jun 30 2017 18:45:41 GMT-0400 (EDT)",2498.02,,2447.53,
"Fri Jun 30 2017 18:55:51 GMT-0400 (EDT)",2485.85,,2436.3,
"Fri Jun 30 2017 19:05:34 GMT-0400 (EDT)",2475.73,,2425.62,
"Fri Jun 30 2017 19:15:47 GMT-0400 (EDT)",2471.8,,2421.88,
"Fri Jun 30 2017 19:25:42 GMT-0400 (EDT)",2476.36,,2425.7,
"Fri Jun 30 2017 19:35:43 GMT-0400 (EDT)",2474.64,,2423.23,
"Fri Jun 30 2017 19:45:36 GMT-0400 (EDT)",2473.44,,2423.59,
"Fri Jun 30 2017 19:55:28 GMT-0400 (EDT)",2483.36,,2433.09,
"Fri Jun 30 2017 20:05:38 GMT-0400 (EDT)",2484.61,,2434.13,
"Fri Jun 30 2017 20:15:46 GMT-0400 (EDT)",2484.97,,2435.09,
"Fri Jun 30 2017 20:25:33 GMT-0400 (EDT)",2491.86,,2440.34,
"Fri Jun 30 2017 20:35:26 GMT-0400 (EDT)",2484.68,,2433.82,
"Fri Jun 30 2017 20:45:42 GMT-0400 (EDT)",2489.47,,2441.19,
"Fri Jun 30 2017 20:55:30 GMT-0400 (EDT)",2483.8,,2431.31,
"Fri Jun 30 2017 21:05:41 GMT-0400 (EDT)",2490.42,,2440.74,
"Fri Jun 30 2017 21:15:49 GMT-0400 (EDT)",2489.52,,2439.31,
"Fri Jun 30 2017 21:25:32 GMT-0400 (EDT)",2492.95,,2442.14,
"Fri Jun 30 2017 21:35:25 GMT-0400 (EDT)",2477.91,,2426.61,
"Fri Jun 30 2017 21:45:26 GMT-0400 (EDT)",2470.73,,2421.8,
"Fri Jun 30 2017 21:55:37 GMT-0400 (EDT)",2467.15,,2416.74,
"Fri Jun 30 2017 22:05:47 GMT-0400 (EDT)",2454.67,,2405.98,
"Fri Jun 30 2017 22:15:43 GMT-0400 (EDT)",2452.49,,2403.85,
"Fri Jun 30 2017 22:25:36 GMT-0400 (EDT)",2468.51,,2418.28,
"Fri Jun 30 2017 22:35:42 GMT-0400 (EDT)",2454.37,,2405.76,
"Fri Jun 30 2017 22:45:42 GMT-0400 (EDT)",2457.44,,2407.67,
"Fri Jun 30 2017 22:55:32 GMT-0400 (EDT)",2464.15,,2415.02,
"Fri Jun 30 2017 23:05:41 GMT-0400 (EDT)",2456.65,,2407.93,
"Fri Jun 30 2017 23:15:55 GMT-0400 (EDT)",2467.68,,2415.46,
"Fri Jun 30 2017 23:25:40 GMT-0400 (EDT)",2466.19,,2415.8,
"Fri Jun 30 2017 23:35:46 GMT-0400 (EDT)",2466.95,,2417.36,
"Fri Jun 30 2017 23:45:27 GMT-0400 (EDT)",2467.68,,2418.76,
"Fri Jun 30 2017 23:55:38 GMT-0400 (EDT)",2459.12,,2410.08,
"Sat Jul 01 2017 00:05:44 GMT-0400 (EDT)",2461.57,,2410.66,
"Sat Jul 01 2017 00:15:31 GMT-0400 (EDT)",2463.46,,2414.21,
"Sat Jul 01 2017 00:25:22 GMT-0400 (EDT)",2456.87,,2408.22,
"Sat Jul 01 2017 00:35:41 GMT-0400 (EDT)",2462.34,,2411.6,
"Sat Jul 01 2017 00:45:39 GMT-0400 (EDT)",2470.14,,2420.08,
"Sat Jul 01 2017 00:55:22 GMT-0400 (EDT)",2480.7,,2429.32,
"Sat Jul 01 2017 01:05:37 GMT-0400 (EDT)",2490.75,,2440.95,
"Sat Jul 01 2017 01:15:35 GMT-0400 (EDT)",2489.48,,2438.3,
"Sat Jul 01 2017 01:25:42 GMT-0400 (EDT)",2485.86,,2436.33,
"Sat Jul 01 2017 01:35:29 GMT-0400 (EDT)",2489.52,,2438.96,
"Sat Jul 01 2017 01:45:30 GMT-0400 (EDT)",2485.91,,2434.33,
"Sat Jul 01 2017 01:55:41 GMT-0400 (EDT)",2494.31,,2441.47,
"Sat Jul 01 2017 02:05:35 GMT-0400 (EDT)",2486.26,,2435.22,
"Sat Jul 01 2017 02:15:22 GMT-0400 (EDT)",2489.71,,2440.41,
"Sat Jul 01 2017 02:25:47 GMT-0400 (EDT)",2505.36,,2455.73,
"Sat Jul 01 2017 02:35:43 GMT-0400 (EDT)",2505.36,,2455.74,
"Sat Jul 01 2017 02:45:27 GMT-0400 (EDT)",2518.28,,2468.18,
"Sat Jul 01 2017 02:55:39 GMT-0400 (EDT)",2523.16,,2472.75,
"Sat Jul 01 2017 03:05:40 GMT-0400 (EDT)",2518.08,,2468.2,
"Sat Jul 01 2017 03:15:22 GMT-0400 (EDT)",2521.35,,2469.69,
"Sat Jul 01 2017 03:25:30 GMT-0400 (EDT)",2527.66,,2474.37,
"Sat Jul 01 2017 03:35:42 GMT-0400 (EDT)",2524.08,,2469.73,
"Sat Jul 01 2017 03:45:40 GMT-0400 (EDT)",2534.17,,2479.1,
"Sat Jul 01 2017 03:55:42 GMT-0400 (EDT)",2529.26,,2474.49,
"Sat Jul 01 2017 04:05:36 GMT-0400 (EDT)",2534.44,,2482.27,
"Sat Jul 01 2017 04:15:38 GMT-0400 (EDT)",2533.42,,2478.51,
"Sat Jul 01 2017 04:25:49 GMT-0400 (EDT)",2531.15,,2479.21,
"Sat Jul 01 2017 04:35:32 GMT-0400 (EDT)",2523.07,,2470.33,
"Sat Jul 01 2017 04:45:21 GMT-0400 (EDT)",2522.2,,2471.21,
"Sat Jul 01 2017 04:55:41 GMT-0400 (EDT)",2521.25,,2470.77,
"Sat Jul 01 2017 05:05:38 GMT-0400 (EDT)",2522.06,,2469.67,
"Sat Jul 01 2017 05:15:38 GMT-0400 (EDT)",2509.42,,2457.31,
"Sat Jul 01 2017 05:25:42 GMT-0400 (EDT)",2515.83,,2465.77,
"Sat Jul 01 2017 05:35:38 GMT-0400 (EDT)",2532.92,,2482.37,
"Sat Jul 01 2017 05:45:41 GMT-0400 (EDT)",2525.51,,2473.48,
"Sat Jul 01 2017 05:55:23 GMT-0400 (EDT)",2521.06,,2468.38,
"Sat Jul 01 2017 06:15:26 GMT-0400 (EDT)",2517.58,,2464.68,
"Sat Jul 01 2017 06:25:23 GMT-0400 (EDT)",2515.79,,2463.42,
"Sat Jul 01 2017 06:35:31 GMT-0400 (EDT)",2517.9,,2465.15,
"Sat Jul 01 2017 06:45:39 GMT-0400 (EDT)",2518.28,,2466.55,
"Sat Jul 01 2017 06:55:22 GMT-0400 (EDT)",2531.86,,2478.19,
"Sat Jul 01 2017 07:05:20 GMT-0400 (EDT)",2531.09,,2479.82,
"Sat Jul 01 2017 07:15:24 GMT-0400 (EDT)",2529.33,,2477.12,
"Sat Jul 01 2017 07:25:33 GMT-0400 (EDT)",2526.06,,2474.36,
"Sat Jul 01 2017 07:35:43 GMT-0400 (EDT)",2525.12,,2472.63,
"Sat Jul 01 2017 07:45:27 GMT-0400 (EDT)",2527.26,,2476.99,
"Sat Jul 01 2017 07:55:20 GMT-0400 (EDT)",2535.77,,2485.55,
"Sat Jul 01 2017 08:05:31 GMT-0400 (EDT)",2534.08,,2483.01,
"Sat Jul 01 2017 08:15:20 GMT-0400 (EDT)",2530.63,,2479.27,
"Sat Jul 01 2017 08:25:40 GMT-0400 (EDT)",2521.34,,2471.41,
"Sat Jul 01 2017 08:35:47 GMT-0400 (EDT)",2521.34,,2471.41,
"Sat Jul 01 2017 08:45:45 GMT-0400 (EDT)",2521.34,,2471.41,
"Sat Jul 01 2017 08:55:52 GMT-0400 (EDT)",2514.61,,2461.92,
"Sat Jul 01 2017 09:05:54 GMT-0400 (EDT)",2508.48,,2457.48,
"Sat Jul 01 2017 09:15:48 GMT-0400 (EDT)",2505.79,,2453.99,
"Sat Jul 01 2017 09:25:50 GMT-0400 (EDT)",2506.11,,2453.88,
"Sat Jul 01 2017 09:35:46 GMT-0400 (EDT)",2506.01,,2453.54,
"Sat Jul 01 2017 09:45:50 GMT-0400 (EDT)",2506.26,,2455.35,
"Sat Jul 01 2017 09:55:46 GMT-0400 (EDT)",2491.51,,2439.58,
"Sat Jul 01 2017 10:05:34 GMT-0400 (EDT)",2487.57,,2436,
"Sat Jul 01 2017 10:15:36 GMT-0400 (EDT)",2493.2,,2443.48,
"Sat Jul 01 2017 10:25:43 GMT-0400 (EDT)",2492.5,,2442.84,
"Sat Jul 01 2017 10:35:21 GMT-0400 (EDT)",2494.75,,2445.34,
"Sat Jul 01 2017 10:45:52 GMT-0400 (EDT)",2490.74,,2438.28,
"Sat Jul 01 2017 10:55:45 GMT-0400 (EDT)",2476.68,,2428.99,
"Sat Jul 01 2017 11:05:44 GMT-0400 (EDT)",2480.24,,2426.95,
"Sat Jul 01 2017 11:15:38 GMT-0400 (EDT)",2480.46,,2430.4,
"Sat Jul 01 2017 11:25:49 GMT-0400 (EDT)",2488.72,,2438.57,
"Sat Jul 01 2017 11:35:40 GMT-0400 (EDT)",2494.75,,2441.38,
"Sat Jul 01 2017 11:45:37 GMT-0400 (EDT)",2494.75,,2445.34,
"Sat Jul 01 2017 11:55:45 GMT-0400 (EDT)",2498.65,,2446.96,
"Sat Jul 01 2017 12:05:42 GMT-0400 (EDT)",2494.44,,2443.19,
"Sat Jul 01 2017 12:15:48 GMT-0400 (EDT)",2486.69,,2437.4,
"Sat Jul 01 2017 12:25:39 GMT-0400 (EDT)",2484.69,,2435.38,
"Sat Jul 01 2017 12:35:47 GMT-0400 (EDT)",2480.41,,2429.33,
"Sat Jul 01 2017 12:45:56 GMT-0400 (EDT)",2480.6,,2429.21,
"Sat Jul 01 2017 12:55:47 GMT-0400 (EDT)",2486.65,,2436.03,
"Sat Jul 01 2017 13:05:53 GMT-0400 (EDT)",2481.27,,2431.19,
"Sat Jul 01 2017 13:15:41 GMT-0400 (EDT)",2478.91,,2429.04,
"Sat Jul 01 2017 13:25:49 GMT-0400 (EDT)",2470.81,,2418.97,
"Sat Jul 01 2017 13:35:48 GMT-0400 (EDT)",2461.16,,2409.74,
"Sat Jul 01 2017 13:45:36 GMT-0400 (EDT)",2464.45,,2412.16,
"Sat Jul 01 2017 13:55:52 GMT-0400 (EDT)",2473.14,,2421.28,
"Sat Jul 01 2017 14:05:55 GMT-0400 (EDT)",2474.67,,2425.29,
"Sat Jul 01 2017 14:16:03 GMT-0400 (EDT)",2464.4,,2412.99,
"Sat Jul 01 2017 14:25:51 GMT-0400 (EDT)",2459.42,,2410.44,
"Sat Jul 01 2017 14:35:47 GMT-0400 (EDT)",2457.35,,2405.43,
"Sat Jul 01 2017 14:45:35 GMT-0400 (EDT)",2452.2,,2400.57,
"Sat Jul 01 2017 14:55:46 GMT-0400 (EDT)",2441.86,,2390.67,
"Sat Jul 01 2017 15:05:48 GMT-0400 (EDT)",2452.43,,2400.83,
"Sat Jul 01 2017 15:15:28 GMT-0400 (EDT)",2453.35,,2402.78,
"Sat Jul 01 2017 15:25:27 GMT-0400 (EDT)",2434.95,,2384.18,
"Sat Jul 01 2017 15:35:45 GMT-0400 (EDT)",2452,,2404.74,
"Sat Jul 01 2017 15:45:30 GMT-0400 (EDT)",2457.97,,2408.77,
"Sat Jul 01 2017 15:55:41 GMT-0400 (EDT)",2460.4,,2411.67,
"Sat Jul 01 2017 16:05:31 GMT-0400 (EDT)",2462.33,,2410.31,
"Sat Jul 01 2017 16:15:52 GMT-0400 (EDT)",2461.54,,2412.7,
"Sat Jul 01 2017 16:25:44 GMT-0400 (EDT)",2449.2,,2400.59,
"Sat Jul 01 2017 16:35:42 GMT-0400 (EDT)",2446.25,,2397.77,
"Sat Jul 01 2017 16:45:42 GMT-0400 (EDT)",2438.37,,2386.55,
"Sat Jul 01 2017 16:55:37 GMT-0400 (EDT)",2433.62,,2383.01,
"Sat Jul 01 2017 17:05:58 GMT-0400 (EDT)",2444.25,,2395.8,
"Sat Jul 01 2017 17:15:36 GMT-0400 (EDT)",2431.31,,2381.09,
"Sat Jul 01 2017 17:25:54 GMT-0400 (EDT)",2432.38,,2384.19,
"Sat Jul 01 2017 17:35:51 GMT-0400 (EDT)",2432.38,,2384.19,
"Sat Jul 01 2017 17:45:47 GMT-0400 (EDT)",2432.38,,2384.19,
"Sat Jul 01 2017 17:55:46 GMT-0400 (EDT)",2444.23,,2395.85,
"Sat Jul 01 2017 18:05:54 GMT-0400 (EDT)",2442.91,,2394.54,
"Sat Jul 01 2017 18:15:49 GMT-0400 (EDT)",2444.12,,2393.23,
"Sat Jul 01 2017 18:25:49 GMT-0400 (EDT)",2434.14,,2386.21,
"Sat Jul 01 2017 18:35:44 GMT-0400 (EDT)",2440.71,,2389.06,
"Sat Jul 01 2017 18:45:34 GMT-0400 (EDT)",2440.65,,2389.96,
"Sat Jul 01 2017 18:55:32 GMT-0400 (EDT)",2444.24,,2395.36,
"Sat Jul 01 2017 19:05:39 GMT-0400 (EDT)",2448.98,,2396.14,
"Sat Jul 01 2017 19:15:42 GMT-0400 (EDT)",2445.54,,2394.09,
"Sat Jul 01 2017 19:25:40 GMT-0400 (EDT)",2443.91,,2393.12,
"Sat Jul 01 2017 19:35:38 GMT-0400 (EDT)",2450.17,,2401.64,
"Sat Jul 01 2017 19:45:47 GMT-0400 (EDT)",2450.13,,2400.86,
"Sat Jul 01 2017 19:55:31 GMT-0400 (EDT)",2451.5,,2401.78,
"Sat Jul 01 2017 20:05:43 GMT-0400 (EDT)",2450.03,,2397.3,
"Sat Jul 01 2017 20:15:42 GMT-0400 (EDT)",2441.25,,2390.98,
"Sat Jul 01 2017 20:25:35 GMT-0400 (EDT)",2440.55,,2388.11,
"Sat Jul 01 2017 20:35:39 GMT-0400 (EDT)",2440.23,,2390.78,
"Sat Jul 01 2017 20:45:42 GMT-0400 (EDT)",2434.81,,2386.31,
"Sat Jul 01 2017 20:55:32 GMT-0400 (EDT)",2422.1,,2372.15,
"Sat Jul 01 2017 21:05:34 GMT-0400 (EDT)",2413.95,,2361.53,
"Sat Jul 01 2017 21:15:30 GMT-0400 (EDT)",2432.3,,2380.3,
"Sat Jul 01 2017 21:25:34 GMT-0400 (EDT)",2442.31,,2393.87,
"Sat Jul 01 2017 21:35:45 GMT-0400 (EDT)",2438.76,,2387.12,
"Sat Jul 01 2017 21:45:41 GMT-0400 (EDT)",2436.03,,2386.64,
"Sat Jul 01 2017 21:55:37 GMT-0400 (EDT)",2435.16,,2384.47,
"Sat Jul 01 2017 22:05:24 GMT-0400 (EDT)",2426.42,,2376.94,
"Sat Jul 01 2017 22:15:27 GMT-0400 (EDT)",2411.09,,2363.13,
"Sat Jul 01 2017 22:25:19 GMT-0400 (EDT)",2416.87,,2367.31,
"Sat Jul 01 2017 22:35:44 GMT-0400 (EDT)",2430.06,,2380.71,
"Sat Jul 01 2017 22:45:20 GMT-0400 (EDT)",2425.9,,2377.83,
"Sat Jul 01 2017 22:55:42 GMT-0400 (EDT)",2429.82,,2379.36,
"Sat Jul 01 2017 23:05:49 GMT-0400 (EDT)",2434.16,,2383.89,
"Sat Jul 01 2017 23:15:22 GMT-0400 (EDT)",2424.39,,2376.13,